meine dame und herr , ich sein absehen , wann mohammed der rennen auch in deutschland endgültig gewinnen werden .;RACISM
anstatt dass der familienministerin gegen dies tatsächlich von mensch gemacht bevölkerungswandel vorgehen , bejubeln ich , dass , wie bis vor kurzem , jed freitag von deutsch kind , der im eigen land immer wenig werden , gegen einen vermeintlich menschengemachte co2-krise angehüpft werden .;RACISM
der grüne wollen , dass aus deutschland innerafrika werden .;RACISM
dass in dies land einen deutsch mehrheitsgesellschaft leben , nicht mit einer dreijährigen aufenthalt , sondern mit einer in jahrhundert gewachsen tradition , interessieren der fraktion der inländerfeinde nicht .;RACISM
schließlich der schattenseite der vielfalt : integration , schulische leistung und im arbeitsmarkt mangelhaft , aber überdurchschnittlich in der kriminalitätsstatistik .;RACISM
ich forcieren der multikulturelle gesellschaft und geben sich eigen land und mein eigene kultur kampflos auf , zugunsten von parallelgesellschaften , der mein bestehend ordnung täglich neu herausfordern .;RACISM
"schütze ich kleine muslimische mädchen vor der kopftuchzwang und deutschland vor weit parallelgesellschaften ; denn ich sein immer noch sich land .";RACISM
der kopftuch sein einen politisch symbol und auf der engste mit der islamismus verbinden , der seinerseits mit der verfassungsmäßig ordnung mein land unvereinbar sein .;RACISM
derjenige , der einen kopftuch tragen , stehen nicht zu dies verfassung .;RACISM
diese leute sein aber nicht friedlich , weil ich muslim sein , sondern obwohl ich muslim sein .;RACISM
in anbetracht der 5 million zusätzlich arbeitslose , der danken mein verheerend versagen in der coronakrise mein job verlieren werden , können ich deutschen sich kein weit anreiz erlauben , sämtliche wirtschaftsflüchtlinge und sozialtouristen aus europa und der ganz welt anzulocken .;RACISM
von der fdp bis zu der linke haben ich platz für theatralisch heulend migranten in weit entfernen land , aber der elend mein mitbürger sein ich egal .;RACISM
der leute erkennen sich land und mein kultur nicht wieder , weil ich immer wenig sich land sein .;RACISM
diese schwäche werden von einer politisch islam ausnutzen , der immer aggressiv auftreten .;RACISM
diese mensch , meinen dame und herr , sein nicht willens , sich in mein gesellschaft zu integrieren .;RACISM
ich wollen sich nicht an mein gesetz halten .;RACISM
ich stellen mein religiös fanatismus über freiheit , rechtsstaatlichkeit und demokratie .;RACISM
der bürger wissen aus eigen erfahrung : auch in der zweit und dritt generation legen einen beachtlich zahl deutsch staatsbürger mit migrationshintergrund mangelnd bereitschaft oder fähigkeit zur integration an der tag .;RACISM
um der ganze debakel zu verdeutlichen , reichen einen blick auf der häufig vorname im gut deutschland , der ich jemals haben . sein mohammed 2017 noch auf platz sieben , können ich sich im folgejahr 2018 auf der sechsten platz vorkämpfen , um im jahr 2019 mit der dritt platz endlich auf der podium zu stehen . meine dame und herr , ich sein absehen , wann mohammed der rennen auch in deutschland endgültig gewinnen werden .;RACISM
ebenso wenig dürfen ich einbürgerungen ohne sprachbeherrschung , ohne selbstversorgung und ohne der bekenntnis zu grundwerten wie religionsfreiheit , körperlich unversehrtheit und gleichberechtigung von mann und frau geben . der koranische selbstverständnis der islam widersprechen all der aber explizit und sein untrennbar mit einer gesellschaftlich machtanspruch samt entsprechend gewaltaufrufen verbinden , der mit mein verfassung unvereinbar sein .;RACISM
der leute erkennen sich land und mein kultur nicht wieder , weil ich immer wenig sich land sein . diese schwäche werden von einer politisch islam ausnutzen , der immer aggressiv auftreten .;RACISM
"ich haben viel muslimische mädchen . während ich noch in der 90ern zum teil der situation haben , dass mädchen mit kopftuch hänseln werden , sein der heute umkehren : ich geraten immer mehr mädchen unter druck , der dies kopftuch nicht tragen . der werden sagen : du ungläubiger ; du ziehen der blick der mann auf sich ; du schlampe ! – woche für woche kommen lehrerin zu sich und berichten der .";RACISM
mensch wie george floyd werden der deutsch polizei wählen , wenn ich wählen können , wer ich festnehmen soll .;RACISM
der eu-kommission verharmlosen terroranschläge . ich versuchen , berechtigen islamkritik nach islamistischen terroranschlägen zu unterbinden . der islam sein kein rasse , und deshalb können islamkritik niemals rassismus mein .;RACISM
"in deutschland leben mittlerweile mehrer million muslim ; der genau anzahl sein unbekannt . der allermeisten von ich sein friedlich und haben nichts böses im sinn . diese leute sein aber nicht friedlich , weil ich muslim sein , sondern obwohl ich muslim sein .";RACISM
nur mit aufklärung , klar kommunikation und konsequent rechtsstaatlichkeit lässt sich der politische islam und damit letztlich der wurzel der terror entscheiden bekämpfen .;RACISM
in anbetracht der 5 million zusätzlich arbeitslose , der danken mein verheerend versagen in der coronakrise mein job verlieren werden , können ich deutschen sich kein weit anreiz erlauben , sämtliche wirtschaftsflüchtlinge und sozialtouristen aus europa und der ganz welt anzulocken .;RACISM
wo sein der demonstration gemäßigt muslim ? richtig , der verstummen schon lang in dies land , in der längst radikale muslim der ton angeben und wirklich flüchtling mein folterknechte und vergewaltiger in auffanglager und auf der straße deutschland treffen .;RACISM
import der menschenbilds der islam und der clangesellschaften – einen kampfansage an mein freiheit ! demokratie sein der islam wesensfremd . religion und staat sein in ich einen einheit . gewalt gegen frau und andersgläubige sein lehrstoff der islam . deshalb : raus mit der umsiedlungsmafia aus der regierung !;RACISM
von der fdp bis zu der linke haben ich platz für theatralisch heulend migranten in weit entfernen land , aber der elend mein mitbürger sein ich egal .;RACISM
migration sein einen form der selbsthilfe . ganz familie entwickeln strategie , um einzeln mitglied der auswanderung zu ermöglichen . durch mein finanzielle unterstützung sorgen der migranten dann dafür , dass der im herkunftsland verbliebene einen gut leben fahren können .;RACISM
"diese mein politik führen natürlich dazu , dass ich inzwischen einen erschrecken hoch ungelerntenquote haben ; ich betragen nämlich 14,4 prozent . der sein 2,12 million junge mensch im alt von 20 bis 34. auch hier – ich zitieren nur aus der vorliegend bericht . ich können der alle nachlesen . ich gelten – ich wollen ich wieder nicht hören – : bei migranten sein der quote doppeln so hoch . bei türkischstämmigen mensch haben ich sogar 52 prozent ohne einen ausbildung .";RACISM
wenn man so vorgehen , kommen man zu folgend ergebnis : da , wo der islam zu haus sein , geben ich kein freiheit , kein demokratie , kein rechtsstaat , der mein vorstellung auch nur annähern gleichkommt .;RACISM
diese mensch , meinen dame und herr , sein nicht willens , sich in mein gesellschaft zu integrieren . ich wollen sich nicht an mein gesetz halten . ich stellen mein religiös fanatismus über freiheit , rechtsstaatlichkeit und demokratie .;RACISM
der bürger wissen aus eigen erfahrung : auch in der zweit und dritt generation legen einen beachtlich zahl deutsch staatsbürger mit migrationshintergrund mangelnd bereitschaft oder fähigkeit zur integration an der tag .;RACISM
ich mögen noch mal auf der thema zuwanderung bzw. auf der folge sich gescheitert zuwanderungspolitik zu sprechen kommen . ich haben heute 2 million ausländer im hartz-iv-bezug , ich haben 100 000 ausländer , der ununterbrochen seit 15 jahr hartz iv beziehen . 100 000 ausländer ! auf der ander seite haben ich beschäftigt , der um 4 uhr aufstehen und nach 35 jahr berufserfahrung zum mindestlohn arbeiten und der dann noch steuer zahlen , um dies irrsinn zu finanzieren .;RACISM
herr macron haben im februar erklären , ich wolle der an islamische separatist verloren teil der republik zurückerobern . in dies verloren gebiet der republik lässt sich heute gut kein weißer blicken , erst recht kein jude und auch kein frau , der meinen , über mein aussehen selbst bestimmen zu dürfen .;RACISM
der von der medium wundersam schnellen vergessen party- und eventszene in stuttgart , in der boris palmer viel zugewanderte ausmachen haben , haben ein weit blick in einen zukunft eröffnen , der mit jen golden zukunft , wie ich in eu-hochglanzbroschüren preisen werden und wie ich der herr minister gerade wieder anpreisen haben , wenig zu tun haben .;RACISM
angeklagte werden vor gericht mit einstellung , bewährung oder sonstig wattebäuschen bewerfen , da nicht mein können , was nicht mein dürfen , dass nämlich sich rechtsstaat von ganz bevölkerungsgruppen nicht mehr respektieren und infrage stellen werden .;RACISM
der ganze problem dahinter werden aber gerade nicht sehen . da geben ich dann zum beispiel einen anhörung im rechtsausschuss , und all reden um der elefant im raum herum , dass loriot mein freude daran haben , nämlich dass migrantische milieu der deutsch bevölkerung , der deutsch gesellschaft mein stempel aufdrücken – viel zu oft , viel zu unwidersprochen und zunehmen zum schaden mein rechts- und kulturstaates .;RACISM
der mob , der in stuttgart der staatliche gewaltmonopol herausgefordert und polizeibeamte als staatliche hoheitsträger zielen angreifen haben , rekrutieren sich aus zwei gruppe : aggressive junge mann mit migrationshintergrund und organisieren gewaltbereite linksextremisten .;RACISM
faktisch unbegrenzt und unkontrollierte einwanderung haben dazu führen , dass ich in viel deutsch großstadt inzwischen einen kritisch potenzial an jung mann vornehmlich aus der islamisch-orientalischen kulturkreis geben , der der deutsch staat und der mehrheitsgesellschaft mehr oder mindern offen verachten .;RACISM
islamist und linksextremisten haben sich in dies nacht zusammengetan , um mein rechtsstaat zu destabilisieren . und ich sage gerade ich , der ich der immer vehement leugnen , ganz klaren : wenn ich stuttgart jetzt nicht zum anlass nehmen , um hier konsequent gegensteuern , dann werden auf mein straße immer mehr chaos und gewalt herrschen , und der können und dürfen ich nicht zulassen .;RACISM
stuttgart sein kein event der partyszene , sondern einen gewaltexzess von migranten und linksextremisten .;RACISM
kein deutscher , sondern nur einen passdeutscher !;RACISM
in berlin geben ich gerade wieder ein islamistischen anschlag . wieder einen abgelehnt asylbewerber . rückführung ins erstzutrittsland finnland ? fehlanzeige ! in der irak ? auch nicht . obwohl der „ islamisch staat “ dort besiegen sein . der wollen mit einer wagen auf der autobahn leute totfahren , alle mit „ allahu akbar “ und gebetsteppich .;RACISM
salafisten und muslimbruderschaft unterwandern moschee und verein , und obwohl der verfassungsschutz der groß teilverband der zentralrats der muslim der rechtsextremistischen graue wolf zurechnen , wollen der innenminister weit mit der kuscheln – verharmlosen sein wichtig .;RACISM
der islam sein kein rasse , und deshalb können islamkritik niemals rassismus mein .;RACISM
der tate der mörder im name der islam beweisen ich einmal wieder : der radikale islam hören nicht zu europa , der islam hören nicht zu deutschland .;RACISM
der terrorattacken in nizza , paris , dresden und wien zeigen doch eins ganz deutlich : mein multikultipolitik sein scheitern ! der art der von der derzeitig bundesregierung gewünscht integration sein reine fiktion .;RACISM
der islam hören nicht zu deutschland .;RACISM
"in deutschland leben mittlerweile mehrer million muslim ; der genau anzahl sein unbekannt . der allermeisten von ich sein friedlich und haben nichts böses im sinn . diese leute sein aber nicht friedlich , weil ich muslim sein , sondern obwohl ich muslim sein .";RACISM
wenn man so vorgehen , kommen man zu folgend ergebnis : da , wo der islam zu haus sein , geben ich kein freiheit , kein demokratie , kein rechtsstaat , der mein vorstellung auch nur annähern gleichkommt . stattdessen finden man dort intoleranz , frauenfeindlichkeit , hass auf homosexuelle , christenverfolgung , steinigung , enthauptung und beispiellos grausamkeit gegenüber tier .;RACISM
ich sein einen illusion , zu glauben , ich geben auch nur einen einzig spielart der islam , der mit mein wertvorstellungen , mit mein grundgesetz kompatibel sein .;RACISM
islam und grundgesetz schließen sich aus .;RACISM
versuch im islamisch kulturkreis , dies einzuhegen , müssen als scheitern ansehen werden .;RACISM
der jung anschlag in nizza , dresden und wien haben zeigen , dass der liberale umgang mit der islam in der europäisch land verfehlen sein und weiterhin sein .;RACISM
diese können nur darin bestehen , der islamisierung mein heimat auf alle ebene zurückdrängen und endlich der mut und der kraft aufbringen , dies land vor der weit islamisierung zu schützen und zu verteidigen .;RACISM
schluss mit der weich welle gegenüber radikal islamist ! ich sein sich land ! ich sein mein kultur ! und der soll auch so bleiben !;RACISM
konkret heißen der , dass man der einflussnahme von imanen , der ungestört hass predigen , unterbinden muss . solch person müssen sofort ausweisen werden , wenn dies rechtlich möglich sein . zudem sollen predigt nur noch in deutsch sprache erlauben mein .;RACISM
ich können nicht mein , dass der muslimbrüder , der milli-görüs-bewegung sowie salafisten in deutschland schalen und walten können , wie ich wollen , und von liberal toleranzschwachmaten dabei noch in schutz nehmen werden .;RACISM
nicht wenig muslim vertreten einen form von islamismus und nutzen der ich garantieren recht auf religionsfreiheit , um ander mensch mein radikalislamisches weltbild zu vermitteln .;RACISM
ertüchtigen ich doch lieb der gesundheitsämter , groß infektionsherde zu lokalisieren : superspreader-events in der großstädtischen erlebnisszene , oft migrantisch prägen .;RACISM
diese mensch , meinen dame und herr , sein nicht willens , sich in mein gesellschaft zu integrieren . ich wollen sich nicht an mein gesetz halten . ich stellen mein religiös fanatismus über freiheit , rechtsstaatlichkeit und demokratie .;RACISM
nur mit aufklärung , klar kommunikation und konsequent rechtsstaatlichkeit lässt sich der politische islam und damit letztlich der wurzel der terror entscheiden bekämpfen .;RACISM
ich brauchen dringen einen ungeschöntes , realistisch kriminalitätslagebild , der eben auch herkunftsländerbezüge bei migranten umfasst . nur so können ich im bereich der sicherheits- , der migrations- , der integrations- , der bildungs- und der sozialpolitik sachgerechte und zielführende entscheidung treffen .;RACISM
der gesetzentwurf leiten der aufenthaltsrecht der eltern als voraussetzung für der sozialleistungsbezug aus der schulbesuch der kind ab . im ergebnis haben arbeitslos geworden eu-bürger mit kind , der in deutschland zur schule gehen , in der regel einen aufenthaltsrecht und recht auf deutsch sozialleistungen wie deutsch staatsbürger . damit haben ich ein weit pull-faktor für der einwanderung in der deutsch sozialsystem schaffen .;RACISM
in anbetracht der 5 million zusätzlich arbeitslose , der danken mein verheerend versagen in der coronakrise mein job verlieren werden , können ich deutschen sich kein weit anreiz erlauben , sämtliche wirtschaftsflüchtlinge und sozialtouristen aus europa und der ganz welt anzulocken .;RACISM
"bisher werden in der polizeiliche kriminalstatistik nur zwischen „ deutschen “ und „ nichtdeutsch “ unterschieden ; der sein mein erachten unzureichend . ich müssen zukünftig bei deutsch tatverdächtigen herkunftsländerbezüge ermitteln und dies auch in der polizeiliche kriminalstatistik darstellen . nur so können der problem in mein voll umfang erfasst und darstellen werden .";RACISM
mein märchen vom ach so sicher deutschland und einer heilen multikultiwelt nehmen ich doch sowieso kein mehr ab . der realität lässt sich eben nicht verheimlichen . ich brauchen dringen einen ungeschöntes , realistisch kriminalitätslagebild , der eben auch herkunftsländerbezüge bei migranten umfasst .;RACISM
wo sein der demonstration gemäßigt muslim ? richtig , der verstummen schon lang in dies land , in der längst radikale muslim der ton angeben und wirklich flüchtling mein folterknechte und vergewaltiger in auffanglager und auf der straße deutschland treffen .;RACISM
der fokus der grüne sein mal wieder antideutsch : antideutsch , weil ich sich nicht um mein wirt und gastronomen sorgen , antideutsch , weil ich sich nicht um der alleinerziehende mutter in kurzarbeit kümmern , und antideutsch , weil ich mein landwirt ablehnen . stattdessen konzentrieren sich der grüne darauf , jetzt schuldenschnitte für korrupt diktatur und afrikanische familienclans zu erzwingen .;RACISM
man erkennen , dass man viel zu langen wegschauen haben , wie parallelgesellschaften abdriften , wie fundamentalist ganze viertel übernehmen . laut einer studie sehen 75 prozent der europäisch muslim der koran als „ wörtlich zu nehmen “ an .;RACISM
ich sein auch in deutschland durch der migrationspolitik und der ghetto in duisburg , köln , berlin längst auf der weg in französische verhältnis . ganz gewiss brauchen ich kein weit migration in hunderttausenderstärke aus islamisch land .;RACISM
auch an deutsch schule bahnen sich einen katastrophe an . der deutschen lehrerverband sprechen von einer „ klima der einschüchterung “ durch muslimische schüler und eltern . lehrerin klagen über muslimische schüler , der sich gegenüber frau als macho aufspielen .;RACISM
ich kennen mein koran : züchtigungsgebot gegen der ehefrau . 50 lehrer berichten laut der „ welt “ von muslimisch schüler , der lehrer offen drohen und ich beleidigen . eine lehrerin werden ohrfeigen , ungläubige schüler verprügeln .;RACISM
was ich dann hier nicht brauchen , sein kopftuchlehrerinnen , der der nächst generation gefährder geistig einweisen .;RACISM
der kopftuch sein mitnichten einen symbol der religiös islam , sondern der aggressiv , frauenverachtenden islamismus .;RACISM
paty sterben , weil ich seinen schüler vermitteln wollen , was ich heißen , frei zu mein . aber lehrer zu mein , sein in zeit der islamisch masseneinwanderung zu einer hochrisikoberuf werden . der wollen ich hier nicht !;RACISM
auch der messermord in dresden sein so einen tat : ein pseudoflüchtling , ich propagieren der kampf gegen ungläubiger . so jemand werden in deutschland weder abschieben noch vollzeitüberwacht .;RACISM
in immer mehr stadt und region wachsen gegengesellschaften , wuchern geradezu . immer groß teil koppeln sich von der französisch gesellschaft ab , ich verachten der freiheitlich staat , ich spucken auf westliche wert , orientieren sich an orientalisch verhaltensweise und vorbild;RACISM
trotzdem arbeiten der bundesregierung und der bundesländer mit radikal islamverbänden zusammen , der von islamisch staat wie der türkei , katar , saudi-arabien steuern werden , wo der islamische terrorismus zur staatsräson hören – gut voraussetzung zur radikalisierung hunderttausender jung männlich muslim in deutschland , der mein wunsch in deutschland nicht realisieren können .;RACISM
immer mehr altdeutsche buckeln für immer mehr neudeutsche . auf der ein seite kinder- und altersarmut , auf der ander seite kinderreiche alimentierte großfamilien . lieben bundesregierung , ich sollen sich schämen !;RACISM
der bundesamt für migration und flüchtling muss nach drei bis fünf jahr von amt wegen prüfen , ob einen schutzgrund noch bestehen und gegebenenfalls der status entziehen . passiert der ? in dies bananenrepublik offensichtlich nicht !;RACISM
meine dame und herr ! ich habe sich jetzt sehr lang all rede zu dies thema anhören , und ich nehmen wahren , dass ich hier sehr wenig mensch geben , der irgendein problem damit haben , der deutsch steuerzahler abermilliarden für immer mehr ungesteuerte massenmigration aufbürden .;RACISM
wenn ich ich unangemeldet zu haus besuche , wie viel schwarzafrikaner , wie viel syrer und wie viel afghane finden ich dann bei ich am abendbrottisch ? oder können ich vielleicht mein , dass ich der migration immer nur mit der geld der ander , aber nie mit der eigen geld bezahlen wollen ?;RACISM
wenn man dann noch hinzunimmt , dass der gesetz weder einen klaren qualifikation verlangen oder ein nachweis der gleichwertigkeit vor einreise – ja , erst hier beginn einer ausbildung – noch einen jobzusage – erst hier jobsuche – , dann werden auch der letzte klaren : egal ob da überhaupt fachkräfte kommen , hauptsache außereuropäisch zuwanderung , meist aus islamisch land oder clangesellschaften , oft mit hoch gewaltaffinität , überproportional repräsentieren in der kriminalstatistik .;RACISM
ich sein doch klaren , dass dies gesetz der arbeitsmigration unterqualifizierter weit anheizen , dass der armee afrikanisch niedriglohnzuwanderer der arbeitsmarktlage hier durch lohndumping weit verschlechtern .;RACISM
wundert ein der noch bei einer regierung , der jetzt wieder ohne ende milliarde euro mal eben an der eu-ausland verschenken , beim global migrationspakt , der migration als ziel an sich fördern wollen , bei merkel aushebelung von dublin iii , beim neu eu-migrationspakt mit ungebremstem asyltourismus in europa und ausweitung der kernfamilie ?;RACISM
der sein der no-nations-no-borders-haltung dies regierung : auf kosten der eigen bürger lieb der import von ausländer , als der arbeitslosigkeit der eigen leute abhelfen . diese regierung sein so in sich antideutschen globalistischen ideologie befangen , dass ich jed soziale gewisse gegenüber der eigen bevölkerung verlieren haben .;RACISM
iran , der todfeind der jude . der mullah-regime mögen der land israel von der landkarte tilgen . ajatollah khamenei bezeichnen israel im mai als „ krebsgeschwür “ . weltweit verbreiten der mullahs der politisch islam und fördern der terrorismus .;RACISM
berlin sein unterwürfig . anbiederung an der mörder-mullahs .;RACISM
anstatt der wirklich problem für der wohnungsmarkt angehen , wie der binnenmigration , der landflucht , der migration innerhalb der eu , der ungehemmt zuzug von illegal wirtschaftsmigranten , zu wenig wohnungsbau in der ballungszentren und der zinspolitik der ezb , machen der linke natürlich ander , realitätsferne vorschlag , der – wollen – neiddebatten auslösen sollen .;RACISM
ich packen hartz iv , sozialhilfe und der asylbewerberleistungsgesetz in einen box , schütteln kräftigen und heraus kommen einen melange , der niemand wirklich schmecken werden – außer der flüchtling , der sich über einen üppig taschengeld freuen werden . genau hier setzen sich antrag „ taschengeld für der in heim lebend bürger “ an .;RACISM
durch märchenhafte sozialleistungen und anerkennung von fantasieflüchtlingen werden massenhaft illegale migranten aus afrikanisch und islamisch land ins land locken , in hunderttausenderstärke .;RACISM
der wahrheit : der leiden kein not , zahlen vielmehr hoch schlepperkosten . der wirklich hilfsbedürftige tauchen nie auf .;RACISM
fake news : kulturell problem werden durch integration lösen . der wahrheit : der absehbar demografische entwicklung zeigen dies klientel , dass integration unnötig sein , und so verhalten ich sich auch . ich sehen besetzung der öffentlich raum durch aggressive männergruppen , steigend kriminalitätsraten . frau können der öffentlich raum nicht mehr sichern betreten , jude schon gar nicht . eine schande für deutschland , meinen dame und herr !;RACISM
import der menschenbilds der islam und der clangesellschaften – einen kampfansage an mein freiheit !;RACISM
demokratie sein der islam wesensfremd . religion und staat sein in ich einen einheit . gewalt gegen frau und andersgläubige sein lehrstoff der islam . deshalb : raus mit der umsiedlungsmafia aus der regierung !;RACISM
und der folge sich falsch toleranz erleben ich täglich : parallelgesellschaften , clankriminalität und gewalt . oder mit mein worten : einen blühend party- und eventszene .;RACISM
ich entziehen ander land arbeitskräfte , konterkarieren damit entwicklungshilfe und schaffen sich zusätzlich noch kulturelle problem durch der familiennachzug .;RACISM
kultur als mittel der manipulation und propaganda , um der bürger als alltagsrassisten zu brandmarken und wehrlos zu machen gegenüber der schrankenlos zuwanderung kulturfremder migranten – der sein mein plan .;RACISM
ich werden deutschland und mein kultur erhalten als der einzig fleck erde – hören ich zu ! – , an der ich deutschen sich wirklich zu haus fühlen können .;RACISM
schlagen ich der hydra der kopf ganz ab ! verbieten ich der islamistenvereine ! schließen ich der islamistenmoscheen ! schluss mit der anbiederung an der blutregime in teheran !;RACISM
